Contrast name:,Group (SWJN)
Within-subjects contrast matrix:,c[1;1],c[1;2],c[1;3],c[1;4],c[2;1],c[2;2],c[2;3],c[2;4],c[3;1],c[3;2],c[3;3],c[3;4],c[4;1],c[4;2],c[4;3],c[4;4],
,1.000000,0.000000,0.000000,0.000000,0.000000,1.000000,0.000000,0.000000,0.000000,0.000000,1.000000,0.000000,0.000000,0.000000,0.000000,1.000000,
Between-subjects contrast matrix:,c[1;1],
,1.000000,
Overlap threshold:,0.000000
